timestamp,open,high,low,close,volume
2023-11-01,226.3,229.5,222.3,227.9,578647.208
2023-11-02,228.0,233.7,227.5,231.9,829216.687
2023-11-03,231.9,232.4,225.6,230.2,501371.786
2023-11-04,230.3,238.7,229.3,237.1,391480.947
2023-11-05,237.2,245.5,236.1,244.0,613299.473
2023-11-06,244.0,256.1,241.5,255.1,844924.324
2023-11-07,255.1,255.6,242.1,246.2,865045.808
2023-11-08,246.2,248.3,244.0,246.7,500403.192
2023-11-09,246.7,255.9,240.0,251.6,1320420.474
2023-11-10,251.7,258.0,248.1,251.0,814936.218
2023-11-11,251.1,255.2,246.0,251.5,738756.911
2023-11-12,251.6,252.0,244.5,247.4,637126.209
2023-11-13,247.5,250.2,240.3,241.1,953917.532
2023-11-14,241.1,249.4,233.7,242.3,992864.124
2023-11-15,242.3,254.5,242.1,253.7,911316.433
2023-11-16,253.7,256.0,240.0,242.7,1090149.24
2023-11-17,242.7,245.9,238.3,244.9,757117.698
2023-11-18,244.9,245.2,238.5,244.8,485737.217
2023-11-19,244.8,246.9,241.8,246.4,379101.104
2023-11-20,246.5,268.4,238.6,253.1,1523794.58
2023-11-21,253.1,271.9,224.0,225.5,4050392.778
2023-11-22,225.5,238.5,224.6,236.1,1791363.245
2023-11-23,236.2,239.2,230.2,233.8,718114.377
2023-11-24,233.8,236.7,231.6,232.7,616904.315
2023-11-25,232.8,235.7,232.1,234.4,313338.264
2023-11-26,234.5,234.5,227.9,231.7,437624.722
2023-11-27,231.8,232.9,222.5,227.2,831147.034
2023-11-28,227.3,231.7,224.3,229.6,547422.862
2023-11-29,229.6,231.2,226.1,227.3,416529.001
2023-11-30,227.3,229.2,225.9,227.6,360874.419
2023-12-01,227.6,230.0,227.0,228.5,425879.275
2023-12-02,228.5,230.1,224.8,229.0,456196.933
2023-12-03,229.1,231.9,225.9,228.1,594689.614
2023-12-04,228.1,237.4,224.8,233.5,1475825.971
2023-12-05,233.5,234.9,227.9,231.2,861796.38
2023-12-06,231.3,234.8,228.6,229.4,858794.132
2023-12-07,229.5,234.8,228.3,232.6,793571.247
2023-12-08,232.6,240.0,232.2,238.9,764638.52
2023-12-09,238.8,245.5,236.3,237.7,838098.223
2023-12-10,237.8,241.4,236.8,239.8,433591.534
2023-12-11,239.8,248.2,228.0,246.4,2010717.772
2023-12-12,246.4,257.3,245.5,254.6,1877670.629
2023-12-13,254.6,255.9,244.1,252.0,1149182.339
2023-12-14,252.1,254.0,247.7,253.3,818946.787
2023-12-15,253.2,253.4,242.6,244.9,655654.892
2023-12-16,244.9,248.4,242.7,244.4,444080.33
2023-12-17,244.4,244.5,238.8,238.8,464957.446
2023-12-18,238.9,241.7,232.0,241.7,876189.244
2023-12-19,241.7,254.8,241.3,252.9,1569167.394
2023-12-20,252.8,261.9,250.1,260.3,1116951.002
2023-12-21,260.4,274.9,256.2,272.1,1286767.653
2023-12-22,272.1,276.5,264.9,271.1,967819.921
2023-12-23,271.1,272.0,265.6,271.0,408213.412
2023-12-24,271.0,272.9,261.9,264.5,572645.135
2023-12-25,264.4,268.2,261.5,266.9,469743.423
2023-12-26,266.8,303.2,264.0,297.7,2356245.345
2023-12-27,297.7,324.4,285.1,324.1,2126454.61
2023-12-28,324.0,338.3,320.0,322.6,2249136.219
2023-12-29,322.6,325.6,307.0,313.7,1407022.74
2023-12-30,313.7,320.8,312.2,317.1,561853.413
2023-12-31,317.0,325.5,307.4,311.8,667097.557
2024-01-01,311.9,316.0,307.0,313.5,619455.158
2024-01-02,313.5,321.3,305.8,312.2,937764.737
2024-01-03,312.3,334.3,293.6,315.8,2132158.122
2024-01-04,315.9,324.3,310.9,323.7,1133774.957
2024-01-05,323.6,327.3,308.6,317.5,1157056.276
2024-01-06,317.6,317.6,300.2,307.5,909358.183
2024-01-07,307.6,310.0,300.0,302.4,498367.089
2024-01-08,302.5,308.1,290.0,303.7,984590.842
2024-01-09,303.6,306.8,295.7,301.1,1401490.155
2024-01-10,301.1,310.0,288.8,305.8,1032565.477
2024-01-11,305.7,316.8,301.4,308.2,1179601.543
2024-01-12,308.2,313.0,289.1,296.6,1003340.774
2024-01-13,296.7,303.1,290.8,302.2,436784.239
2024-01-14,302.2,306.7,298.7,299.5,393054.947
2024-01-15,299.4,320.6,299.4,317.5,1704540.89
2024-01-16,317.6,319.4,313.0,315.2,951149.445
2024-01-17,315.1,316.3,306.8,309.4,1071343.496
2024-01-18,309.3,315.6,305.7,313.0,921121.889
2024-01-19,313.0,316.2,305.0,314.7,835724.4
2024-01-20,314.7,317.3,312.2,317.2,326090.187
2024-01-21,317.3,321.7,316.1,318.6,359764.313
2024-01-22,318.7,320.3,303.6,305.9,704437.647
2024-01-23,305.9,311.7,290.3,298.8,928195.378
2024-01-24,298.8,300.7,290.3,293.1,802312.815
2024-01-25,293.0,296.7,287.5,292.1,1004156.719
2024-01-26,292.1,304.2,290.7,302.2,709942.404
2024-01-27,302.2,307.7,301.9,305.6,285357.667
2024-01-28,305.7,309.1,303.1,305.3,409403.057
2024-01-29,305.3,311.0,304.4,310.7,442799.505
2024-01-30,310.7,313.1,306.3,307.6,386375.467
2024-01-31,307.7,308.2,298.6,300.5,459007.698
2024-02-01,300.5,302.2,296.4,300.2,373269.789
2024-02-02,300.2,305.2,299.8,301.4,309501.649
2024-02-03,301.4,303.8,299.5,299.7,198730.962
2024-02-04,299.6,307.7,298.0,304.7,503405.323
2024-02-05,304.7,306.8,299.5,301.2,488672.271
2024-02-06,301.2,304.1,300.9,302.7,260762.321
2024-02-07,302.8,308.7,300.7,307.3,352421.789
2024-02-08,307.4,320.6,307.3,319.2,921496.502
2024-02-09,319.2,326.3,317.9,324.0,739178.081
2024-02-10,324.0,325.4,318.9,323.0,321477.064
2024-02-11,323.0,324.9,320.1,320.7,280308.105
2024-02-12,320.6,332.2,315.6,327.8,576734.162
2024-02-13,327.9,329.2,318.6,324.7,441545.83
2024-02-14,324.6,334.6,323.4,333.9,452466.98
2024-02-15,333.9,366.6,333.3,354.2,1361590.403
2024-02-16,354.3,366.8,349.1,360.4,1061855.986
2024-02-17,360.4,363.7,348.2,352.9,630266.52
2024-02-18,352.9,358.1,349.1,349.8,495667.634
2024-02-19,349.8,356.2,349.3,351.6,830917.534
2024-02-20,351.7,361.6,344.8,354.6,972650.558
2024-02-21,354.6,379.3,350.9,379.2,1701415.313
2024-02-22,379.2,387.3,373.7,382.6,1409647.481
2024-02-23,382.7,385.8,369.0,375.5,1027891.295
2024-02-24,375.5,383.3,371.7,381.7,444587.481
2024-02-25,381.6,391.0,377.6,388.5,643002.671
2024-02-26,388.5,404.9,382.0,401.6,1196262.204
2024-02-27,401.5,403.7,389.6,394.6,915873.073
2024-02-28,394.6,427.3,394.1,414.6,1348008.995
2024-02-29,414.7,419.7,391.1,399.4,1146024.362
2024-03-01,399.3,408.6,398.8,407.4,586580.611
2024-03-02,407.4,414.8,405.8,410.9,590018.543
2024-03-03,410.9,416.8,402.2,414.5,838274.346
2024-03-04,414.5,423.8,410.6,418.4,1045414.001
2024-03-05,418.5,427.2,356.1,394.1,2073303.79
2024-03-06,394.1,434.7,385.6,429.4,1804741.112
2024-03-07,429.4,476.8,423.2,474.6,1672134.41
2024-03-08,474.6,489.6,462.5,485.8,1660311.361
2024-03-09,485.8,493.8,480.7,488.3,852029.241
2024-03-10,488.3,537.5,484.8,528.9,1944137.084
2024-03-11,528.9,533.8,505.5,523.0,1608146.397
2024-03-12,523.0,548.5,519.0,537.5,1924767.687
2024-03-13,537.4,633.5,531.7,630.5,2526002.564
2024-03-14,630.5,631.5,565.5,603.2,2119540.3
2024-03-15,603.2,635.2,540.9,632.7,3066312.788
2024-03-16,632.7,645.2,567.2,576.4,1811838.042
2024-03-17,576.4,590.5,548.6,571.7,1712920.341
2024-03-18,571.7,587.7,540.1,555.4,2284301.814
2024-03-19,555.4,560.6,495.8,507.7,2551361.512
2024-03-20,507.7,559.0,500.0,556.8,1425296.579
2024-03-21,556.7,571.0,540.6,553.8,953921.372
2024-03-22,553.8,588.1,535.5,553.8,1181298.51
2024-03-23,553.8,567.7,543.4,551.9,608753.329
2024-03-24,551.9,573.0,548.7,567.7,442930.35
2024-03-25,567.8,598.0,564.4,587.0,802695.512
2024-03-26,587.1,597.0,571.9,580.4,569324.079
2024-03-27,580.4,585.6,560.3,574.3,531668.402
2024-03-28,574.2,591.7,574.1,583.4,503901.624
2024-03-29,583.4,620.0,582.1,612.5,1042401.169
2024-03-30,612.5,612.9,596.9,600.7,501020.148
2024-03-31,600.7,608.8,600.4,606.7,325136.967
2024-04-01,606.7,607.7,568.7,575.8,723114.09
2024-04-02,575.8,578.2,546.3,551.4,998260.814
2024-04-03,551.4,567.9,539.0,561.5,683925.233
2024-04-04,561.6,597.6,560.8,585.5,879640.68
2024-04-05,585.4,591.5,564.4,577.8,634206.619
2024-04-06,577.8,591.3,575.1,585.4,226975.996
2024-04-07,585.5,591.1,578.0,583.9,263849.216
2024-04-08,583.8,601.1,577.7,586.4,483568.312
2024-04-09,586.3,590.3,571.2,580.5,596275.792
2024-04-10,580.4,610.6,573.4,609.7,816050.7
2024-04-11,609.7,618.4,592.0,604.6,579678.194
2024-04-12,604.6,634.5,571.0,595.6,1517722.658
2024-04-13,595.6,600.2,508.0,553.1,1761628.473
2024-04-14,553.0,576.0,536.1,566.4,965488.003
2024-04-15,566.4,585.5,544.7,552.7,698443.303
2024-04-16,552.7,554.2,522.8,537.6,623668.813
2024-04-17,537.5,547.9,512.6,534.1,657909.358
2024-04-18,534.0,555.9,527.0,552.1,589697.296
2024-04-19,552.0,564.3,524.0,554.0,545504.183
2024-04-20,554.1,574.3,548.8,570.9,242132.859
2024-04-21,570.9,582.6,566.3,579.6,277755.724
2024-04-22,579.6,608.7,578.4,604.5,522892.157
2024-04-23,604.4,618.3,598.7,606.2,556883.344
2024-04-24,606.2,618.5,592.6,608.8,656953.677
2024-04-25,608.8,617.9,600.7,613.2,453745.517
2024-04-26,613.3,615.0,597.0,598.0,302119.884
2024-04-27,598.0,599.7,585.0,596.2,268783.912
2024-04-28,596.2,609.0,596.2,600.2,258059.431
2024-04-29,600.2,602.8,581.3,592.8,330474.005
2024-04-30,592.8,604.3,555.7,578.4,766513.446
2024-05-01,578.4,580.4,536.7,561.8,669027.318
2024-05-02,561.8,565.9,539.5,560.5,359794.315
2024-05-03,560.5,590.0,558.9,587.0,342906.433
2024-05-04,587.0,593.6,582.5,585.7,197129.251
2024-05-05,585.7,595.0,579.3,592.0,180458.236
2024-05-06,592.0,602.3,583.1,588.2,278669.005
2024-05-07,588.2,600.4,576.0,576.5,289488.709
2024-05-08,576.5,590.0,574.4,588.6,297016.617
2024-05-09,588.6,605.8,586.3,596.8,464857.601
2024-05-10,596.8,597.0,581.5,585.6,296215.516
2024-05-11,585.7,594.5,580.8,592.2,210698.305
2024-05-12,592.2,600.1,587.3,594.8,191190.562
2024-05-13,594.8,598.4,585.2,591.7,389810.286
2024-05-14,591.7,593.1,562.0,567.1,453308.316
2024-05-15,567.1,587.3,560.0,581.0,402812.993
2024-05-16,581.0,586.6,565.1,569.2,411937.056
2024-05-17,569.2,584.5,568.6,580.9,236919.616
2024-05-18,580.9,581.9,574.2,580.3,168074.711
2024-05-19,580.3,581.9,571.3,574.5,142157.485
2024-05-20,574.6,602.0,568.8,599.6,469252.806
2024-05-21,599.6,631.4,593.3,618.5,1023559.613
2024-05-22,618.5,626.3,610.1,614.8,404848.487
2024-05-23,614.8,617.5,580.0,599.3,607671.947
2024-05-24,599.4,605.5,588.3,600.3,251965.176
2024-05-25,600.3,606.7,599.5,602.4,121538.958
2024-05-26,602.3,605.4,598.0,600.2,122983.66
2024-05-27,600.3,614.4,599.6,603.9,229302.377
2024-05-28,603.9,606.0,593.8,601.7,284862.985
2024-05-29,601.7,603.6,593.1,595.7,212706.254
2024-05-30,595.7,602.2,586.5,595.1,225452.344
2024-05-31,595.1,599.0,590.0,593.7,168608.054
2024-06-01,593.8,608.4,593.1,601.9,156464.894
2024-06-02,601.9,606.0,596.0,602.9,198299.996
2024-06-03,602.8,638.8,601.2,626.4,654161.467
2024-06-04,626.4,688.2,624.8,685.7,736322.6803
2024-06-05,685.7,716.0,684.7,698.8,673820.5652
2024-06-06,698.8,721.8,692.0,711.2,544042.9592
2024-06-07,711.1,712.0,658.9,684.0,594753.99
2024-06-08,684.0,694.9,677.9,682.7,216849.473
2024-06-09,682.7,684.8,670.3,673.0,173565.78
2024-06-10,673.1,674.8,613.3,625.1,692122.616
2024-06-11,625.1,629.0,595.8,602.5,640655.92
2024-06-12,602.5,635.4,591.3,619.4,454148.661
2024-06-13,619.4,619.9,595.6,599.8,313465.472
2024-06-14,599.8,612.5,590.0,603.3,279802.085
2024-06-15,603.3,609.7,601.3,608.2,122650.197
2024-06-16,608.2,611.8,601.1,610.8,104827.154
2024-06-17,610.9,612.6,591.4,604.3,235509.028
2024-06-18,604.3,605.2,575.0,588.6,459142.573
2024-06-19,588.6,605.9,586.6,599.3,260529.062
2024-06-20,599.3,608.0,584.6,587.7,289498.772
2024-06-21,587.7,589.3,577.8,586.1,191182.614
2024-06-22,586.2,591.4,581.0,591.1,100439.584
2024-06-23,591.1,593.2,576.0,577.5,141025.834
2024-06-24,577.5,582.0,551.2,568.1,356915.248
2024-06-25,568.1,580.0,566.4,578.2,177300.699
2024-06-26,578.3,584.7,567.4,573.0,154770.344
2024-06-27,573.1,584.7,566.4,581.7,199582.231
2024-06-28,581.8,585.3,565.6,567.4,210308.565
2024-06-29,567.4,573.9,566.9,570.0,99951.169
2024-06-30,570.0,585.3,568.3,582.2,169894.148
2024-07-01,582.3,588.3,576.2,576.9,188481.951
2024-07-02,576.9,582.0,573.9,580.1,144561.934
2024-07-03,580.1,581.0,550.5,556.7,288318.808
2024-07-04,556.7,558.1,511.6,513.6,511359.494
2024-07-05,513.5,516.1,454.8,497.7,992708.164
2024-07-06,497.8,530.7,496.0,526.0,226597.141
2024-07-07,526.0,526.6,488.4,490.7,279027.459
2024-07-08,490.7,524.2,471.0,510.6,580970.096
2024-07-09,510.5,520.8,506.5,516.9,203358.601
2024-07-10,516.9,529.4,511.3,524.7,205460.208
2024-07-11,524.7,545.1,520.1,524.8,262788.577
2024-07-12,524.9,537.5,517.0,533.8,207870.778
2024-07-13,533.9,539.4,527.3,532.4,161128.431
2024-07-14,532.5,547.7,531.2,544.8,148566.273
2024-07-15,544.9,586.8,543.8,585.3,335372.772
2024-07-16,585.3,587.5,554.4,576.2,347825.03
2024-07-17,576.3,584.0,564.3,568.9,198271.205
2024-07-18,568.9,579.6,561.6,571.9,153121.784
2024-07-19,572.0,598.7,565.0,593.4,331877.529
2024-07-20,593.4,597.9,586.7,593.1,144679.404
2024-07-21,593.2,603.4,581.5,602.5,243931.763
2024-07-22,602.5,605.6,580.3,587.2,212452.69
2024-07-23,587.3,593.5,577.2,581.9,214355.311
2024-07-24,582.0,589.1,570.4,574.9,160535.208
2024-07-25,574.9,576.6,553.1,570.6,286997.522
2024-07-26,570.7,582.8,570.2,580.9,155492.92
2024-07-27,580.9,592.8,572.6,581.6,184468.855
2024-07-28,581.6,584.9,574.5,583.9,92606.642
2024-07-29,583.9,598.0,572.2,574.3,213824.089
2024-07-30,574.3,588.3,566.6,588.2,165024.413
2024-07-31,588.1,592.9,574.7,576.5,194701.723
2024-08-01,576.5,578.0,553.7,575.1,280418.865
2024-08-02,575.2,577.6,540.2,542.9,283605.001
2024-08-03,542.9,545.3,521.3,529.6,245777.525
2024-08-04,529.7,532.2,486.5,496.9,390238.285
2024-08-05,496.9,499.9,400.0,464.2,2114679.75
2024-08-06,464.3,494.4,463.5,484.8,458815.007
2024-08-07,484.9,497.7,468.1,475.0,322182.487
2024-08-08,475.0,521.7,467.5,517.1,286744.608
2024-08-09,517.2,518.4,498.7,508.7,195125.106
2024-08-10,508.7,525.4,507.2,523.1,126212.238
2024-08-11,523.2,535.8,502.3,503.4,206038.714
2024-08-12,503.5,524.0,499.2,518.2,285951.347
2024-08-13,518.3,527.0,513.1,524.2,255029.497
2024-08-14,524.2,531.9,515.4,523.4,220850.011
2024-08-15,523.4,533.9,510.0,519.2,229628.306
2024-08-16,519.2,524.5,509.9,519.7,174036.141
2024-08-17,519.7,547.7,518.3,541.6,196365.586
2024-08-18,541.7,542.6,530.8,531.2,148890.018
2024-08-19,531.3,560.7,529.1,558.4,233275.352
2024-08-20,558.5,574.9,558.2,569.4,422053.693
2024-08-21,569.4,575.1,546.1,570.1,345601.77
2024-08-22,570.2,590.0,559.7,582.9,365020.284
2024-08-23,583.0,600.6,574.3,591.7,387772.663
2024-08-24,591.7,592.4,574.6,580.5,325168.897
2024-08-25,580.5,583.9,569.0,573.9,195984.559
2024-08-26,573.9,575.6,546.7,548.2,280985.576
2024-08-27,548.3,558.3,520.5,533.3,298073.974
2024-08-28,533.3,546.8,522.4,537.0,269794.777
2024-08-29,537.0,545.5,530.9,536.4,166187.113
2024-08-30,536.4,543.4,522.0,535.2,197825.895
2024-08-31,535.2,541.5,531.1,532.9,95954.072
2024-09-01,532.9,533.2,507.7,512.4,203698.867
2024-09-02,512.3,530.2,501.5,526.3,262984.426
2024-09-03,526.4,538.4,517.9,518.7,224481.65
2024-09-04,518.8,523.7,495.8,507.6,435892.306
2024-09-05,507.6,512.9,496.7,502.4,177237.32
2024-09-06,502.4,509.9,471.3,487.2,357704.727
2024-09-07,487.3,499.5,482.9,493.5,140367.312
2024-09-08,493.6,506.9,490.7,503.1,135677.173
2024-09-09,503.2,525.7,501.7,518.7,207528.54
2024-09-10,518.7,524.3,509.2,517.0,161417.812
2024-09-11,517.0,535.4,506.5,530.1,204079.602
2024-09-12,530.2,548.7,530.0,544.5,273877.8
2024-09-13,544.6,559.7,538.7,556.4,276743.273
2024-09-14,556.4,559.2,547.5,553.3,138432.964
2024-09-15,553.4,561.9,546.0,553.4,205254.79
2024-09-16,553.4,555.2,527.0,533.7,267953.69
2024-09-17,533.7,552.7,529.0,546.2,195288.36
2024-09-18,546.2,559.7,536.8,559.5,201182.985
2024-09-19,559.5,572.2,553.0,567.0,308427.742
2024-09-20,566.9,577.1,555.0,569.0,257077.709
2024-09-21,569.1,590.0,566.4,588.6,208752.23
2024-09-22,588.7,594.6,576.4,588.7,202978.791
2024-09-23,588.7,616.0,583.4,604.5,376010.207
2024-09-24,604.5,613.4,598.5,605.9,261622.131
2024-09-25,605.8,608.3,584.2,587.4,220793.948
2024-09-26,587.5,609.0,580.8,596.3,334337.474
2024-09-27,596.3,614.7,596.0,606.8,356901.64
2024-09-28,606.9,618.6,594.5,601.1,262593.381
2024-09-29,601.1,602.8,592.4,595.6,160103.084
2024-09-30,595.6,595.8,563.5,567.4,324086.737
2024-10-01,567.4,583.1,536.8,547.3,476372.945
2024-10-02,547.2,558.3,535.4,542.5,282193.663
2024-10-03,542.5,550.8,534.3,544.8,220702.342
2024-10-04,544.8,557.8,541.8,555.3,186169.628
2024-10-05,555.3,565.2,551.6,563.0,124906.382
2024-10-06,563.0,571.9,561.1,570.3,106787.34
2024-10-07,570.4,581.8,563.5,564.3,213046.676
2024-10-08,564.4,586.8,559.5,580.8,286276.177
2024-10-09,580.8,586.0,566.2,570.7,324396.054
2024-10-10,570.8,572.9,551.5,563.9,178198.309
2024-10-11,563.8,577.5,560.1,573.6,185095.358
2024-10-12,573.7,579.2,573.6,576.6,135773.959
2024-10-13,576.6,578.5,564.9,572.2,118779.976
2024-10-14,572.3,592.3,558.9,589.1,252803.176
2024-10-15,589.0,599.9,577.7,594.5,324305.897
2024-10-16,594.6,605.5,589.7,600.9,259951.129
2024-10-17,601.0,606.3,585.1,592.9,194199.416
2024-10-18,592.9,602.4,591.8,599.2,136743.669
2024-10-19,599.3,601.4,595.4,597.7,78940.239
2024-10-20,597.8,607.3,593.1,605.9,123572.057
2024-10-21,605.9,611.8,591.5,598.8,275880.778
2024-10-22,598.8,609.0,587.0,593.8,203756.934
2024-10-23,593.8,595.0,573.0,584.9,225698.465
2024-10-24,584.9,598.0,583.3,594.5,145781.537
2024-10-25,594.5,597.6,565.8,575.3,254214.693
2024-10-26,575.3,587.1,571.6,583.4,119987.437
2024-10-27,583.4,591.0,581.7,589.2,94455.099
2024-10-28,589.3,604.6,585.5,601.1,189815.882
2024-10-29,601.1,612.2,599.9,606.3,301555.357
2024-10-30,606.3,606.7,594.1,595.6,186706.281
2024-10-31,595.5,596.5,571.1,576.6,279156.175
2024-11-01,576.5,585.5,567.7,573.1,242255.184
2024-11-02,573.1,577.2,562.4,568.6,143716.603
2024-11-03,568.6,569.3,547.0,557.7,217508.468
2024-11-04,557.7,564.8,543.6,552.5,264951.833
2024-11-05,552.51,572.8,551.22,563.21,211437.753
2024-11-06,563.21,595.0,563.0,592.22,535934.927
2024-11-07,592.22,611.2,587.01,598.26,377600.506
2024-11-08,598.27,605.9,588.1,597.82,318752.718
2024-11-09,597.82,638.0,597.51,624.66,772172.655
2024-11-10,624.67,644.2,611.62,627.33,812783.747
2024-11-11,627.34,665.54,613.0,659.63,1006384.738
2024-11-12,659.63,667.4,610.0,625.33,1166459.013
2024-11-13,625.42,638.06,598.6,620.68,1034672.114
2024-11-14,620.68,660.4,610.5,622.3,1060649.7
2024-11-15,622.3,628.3,603.4,619.37,654908.221
2024-11-16,619.37,633.7,617.5,622.69,447887.923
2024-11-17,622.69,647.6,605.2,618.9,595820.376
2024-11-18,618.93,630.91,612.1,618.93,483382.136
2024-11-19,618.93,621.41,605.21,615.5,420441.21
2024-11-20,615.49,620.78,600.0,605.39,411142.628
2024-11-21,605.39,629.37,593.05,621.86,647295.158
2024-11-22,621.86,639.64,615.05,633.0,582665.923
2024-11-23,633.0,680.0,631.1,650.42,1071184.972
2024-11-24,650.42,687.75,637.08,659.65,914571.368
2024-11-25,659.65,676.79,626.43,636.2,783511.29
2024-11-26,636.16,645.57,600.02,613.51,814621.938
2024-11-27,613.5,646.75,607.79,644.14,629623.885
2024-11-28,644.15,664.68,639.79,653.83,684789.628
2024-11-29,653.84,663.8,648.42,654.67,429893.73
2024-11-30,654.67,677.2,648.0,653.43,545812.569
2024-12-01,653.44,664.17,645.16,655.99,434417.253
2024-12-02,656.0,667.2,627.99,647.82,771630.192
2024-12-03,647.83,750.01,622.85,734.64,1575647.798
2024-12-04,734.64,793.86,720.0,739.53,2092976.428
2024-12-05,739.54,739.9,690.0,717.1,1159099.388
2024-12-06,717.1,745.93,705.06,730.22,747138.475
2024-12-07,730.22,761.0,729.69,749.72,445276.173
2024-12-08,749.71,757.26,727.47,742.0,343120.564
2024-12-09,742.0,742.5,642.0,689.19,1068109.724
2024-12-10,689.2,704.92,649.13,676.8,984801.75
2024-12-11,676.8,713.0,658.54,711.21,526819.302
2024-12-12,711.2,725.61,699.36,705.77,576876.965
2024-12-13,705.77,729.88,696.8,725.72,548598.294
2024-12-14,725.73,732.11,705.01,715.79,341929.145
2024-12-15,715.8,724.08,702.66,718.87,282457.795
2024-12-16,718.87,730.0,704.16,720.58,483844.553
2024-12-17,720.58,737.37,712.24,717.69,502868.872
2024-12-18,717.7,722.0,681.0,686.38,726576.022
2024-12-19,686.39,705.57,648.63,665.62,840266.48
2024-12-20,665.61,680.58,618.69,678.6,982349.406
2024-12-21,678.6,693.39,652.0,663.49,529437.789
2024-12-22,663.5,669.71,639.37,649.77,333704.376
2024-12-23,649.77,698.5,638.1,694.16,606364.091
2024-12-24,694.16,699.0,682.68,696.9,386936.217
2024-12-25,696.89,713.28,695.94,702.72,232510.25
2024-12-26,702.71,719.99,683.0,689.4,381100.002
2024-12-27,689.4,718.88,685.73,691.85,347156.043
2024-12-28,691.86,731.24,691.3,722.13,344251.861
2024-12-29,722.13,724.7,690.0,694.71,241528.144
2024-12-30,694.71,712.2,687.75,705.36,297267.103
2024-12-31,705.35,714.99,698.48,702.3,235464.832
2025-01-01,702.31,711.5,700.3,707.84,135703.339
2025-01-02,707.84,715.8,698.04,706.25,292533.811
2025-01-03,706.24,715.69,697.03,714.88,291701.675
2025-01-04,714.87,721.84,707.82,713.41,167274.262
2025-01-05,713.41,713.93,702.51,709.29,115144.345
2025-01-06,709.29,745.29,705.91,729.42,357347.859
2025-01-07,729.42,733.33,691.2,698.01,436096.682
2025-01-08,698.0,707.46,674.72,696.03,427277.957
2025-01-09,696.03,701.72,675.12,685.48,331906.578
2025-01-10,685.47,700.69,683.18,693.21,234590.487
2025-01-11,693.21,701.47,690.39,696.7,87734.79
2025-01-12,696.71,698.63,689.8,693.34,78211.295
2025-01-13,693.35,700.0,660.0,688.64,386629.943
2025-01-14,688.64,699.97,686.3,698.89,159723.609
2025-01-15,698.89,715.0,688.45,714.59,282718.752
2025-01-16,714.59,717.5,700.5,708.1,268104.726
2025-01-17,708.1,729.97,708.1,721.76,289751.278
2025-01-18,721.76,723.32,695.0,709.52,370480.456
2025-01-19,709.52,714.6,676.0,683.19,712985.298
2025-01-20,683.2,709.38,671.0,682.51,668236.487
2025-01-21,682.51,697.0,675.01,692.21,294203.471
2025-01-22,692.21,704.13,689.93,695.52,218410.233
2025-01-23,695.52,697.65,680.26,689.74,331191.456
2025-01-24,689.73,691.31,678.75,680.45,280584.305
2025-01-25,680.45,689.56,677.68,686.4,140203.276
2025-01-26,686.4,690.82,664.64,667.37,195887.168
2025-01-27,667.36,680.53,637.79,679.74,486667.795
2025-01-28,679.75,682.88,659.4,661.29,202591.474
2025-01-29,661.28,680.01,659.37,667.97,255536.138
2025-01-30,667.97,682.99,666.0,677.53,145419.421
2025-01-31,677.53,689.44,673.5,677.47,190707.861
2025-02-01,677.48,681.56,650.73,652.94,177371.372
2025-02-02,652.94,663.22,600.0,617.8,506728.603
2025-02-03,617.8,619.19,500.0,617.21,1340856.885
2025-02-04,617.21,619.24,557.88,572.69,549571.473
2025-02-05,572.69,580.0,561.22,569.55,227055.225
2025-02-06,569.55,589.99,568.87,571.72,334342.953
2025-02-07,571.71,589.9,570.58,577.71,222673.88
2025-02-08,577.7,633.73,573.62,612.39,490805.546
2025-02-09,612.39,648.13,602.4,615.81,774091.071
2025-02-10,615.81,622.42,596.24,618.65,360129.038
2025-02-11,618.65,646.94,615.08,642.11,488539.291
2025-02-12,642.12,705.48,626.88,696.93,822216.623
2025-02-13,696.92,732.0,658.28,664.72,1766921.695
2025-02-14,664.73,684.86,652.0,659.71,650460.875
2025-02-15,659.72,671.43,653.46,662.21,255950.897
2025-02-16,662.21,686.04,653.11,673.1,362205.963
2025-02-17,673.1,682.29,657.99,667.51,323350.276
2025-02-18,667.52,668.3,629.65,648.18,366356.988
2025-02-19,648.19,664.44,636.99,653.38,352798.243
2025-02-20,653.38,659.03,645.88,656.36,215894.368
2025-02-21,656.36,668.5,635.0,647.47,317327.155
2025-02-22,647.47,679.9,645.21,668.57,297923.184
2025-02-23,668.57,671.1,648.49,658.42,166658.013
2025-02-24,658.41,659.56,610.6,614.2,360147.153
2025-02-25,614.19,628.7,586.0,623.49,647434.612
2025-02-26,623.49,632.14,594.07,611.57,428035.431
2025-02-27,611.57,619.77,595.84,605.41,295518.116
2025-02-28,605.41,606.33,559.71,588.07,600999.319
2025-03-01,588.07,609.48,586.4,607.93,292254.356
2025-03-02,607.94,635.01,601.5,623.94,469069.23
2025-03-03,623.94,624.36,567.5,576.1,497949.879
2025-03-04,576.09,588.75,546.83,584.01,488869.851
2025-03-05,584.01,606.06,580.57,598.24,206205.988
2025-03-06,598.25,612.9,589.2,596.5,223701.39
2025-03-07,596.49,610.2,577.23,594.77,289363.933
2025-03-08,594.77,602.77,590.11,593.1,117220.631
2025-03-09,593.1,593.1,550.2,554.65,246382.904
2025-03-10,554.65,573.4,523.01,531.49,410154.62
2025-03-11,531.49,566.0,507.0,551.61,691870.521
2025-03-12,551.61,574.95,544.63,569.87,367224.211
2025-03-13,569.87,613.71,567.99,579.8,647497.028
2025-03-14,579.8,589.81,576.61,587.76,213012.082
2025-03-15,587.76,619.96,587.49,619.83,254324.009
2025-03-16,619.82,622.8,593.06,602.2,255774.316
2025-03-17,602.21,643.72,602.04,631.69,591668.184
2025-03-18,631.68,643.33,620.28,627.81,443437.833
2025-03-19,627.81,628.2,604.36,618.7,399993.645
2025-03-20,618.71,637.75,616.55,630.47,578472.125
2025-03-21,630.47,637.8,624.92,635.17,262205.569
2025-03-22,635.16,636.1,623.79,627.01,140206.083
2025-03-23,627.01,629.14,619.5,623.79,155602.578
2025-03-24,623.8,639.5,618.0,637.08,307575.991
2025-03-25,637.08,644.88,627.05,629.82,554571.557
2025-03-26,629.82,634.01,615.3,617.99,222093.835
2025-03-27,618.0,642.5,617.2,637.36,743401.847
2025-03-28,637.36,637.51,616.0,619.81,317817.16
2025-03-29,619.81,623.84,596.97,602.99,254422.261
2025-03-30,603.0,613.37,593.58,602.2,195649.405
2025-03-31,602.2,608.89,587.26,604.81,254764.269
2025-04-01,604.81,618.54,604.46,611.13,565603.069
2025-04-02,611.12,614.0,584.85,590.68,399507.957
2025-04-03,590.67,610.58,578.46,592.67,507928.514
2025-04-04,592.68,600.0,585.0,597.71,177145.405
2025-04-05,597.71,599.0,588.71,593.13,85938.079
2025-04-06,593.13,593.78,544.17,555.54,332256.265
2025-04-07,555.55,567.6,520.0,554.6,727293.86
2025-04-08,554.6,566.0,547.64,553.72,212191.86
2025-04-09,553.72,585.97,534.3,582.32,378370.127
2025-04-10,582.32,583.58,566.17,578.03,369219.863
2025-04-11,578.03,590.36,575.7,585.93,174700.72
2025-04-12,585.93,600.48,584.0,597.29,151268.708
2025-04-13,597.3,598.67,580.32,584.28,144896.285
2025-04-14,584.29,593.1,583.14,584.54,153827.795
2025-04-15,584.53,590.84,579.38,579.52,141640.579
2025-04-16,579.52,587.0,576.0,582.8,174537.948
2025-04-17,582.8,592.97,581.0,590.49,151848.259
2025-04-18,590.5,596.08,587.08,591.71,191575.748
2025-04-19,591.7,594.49,587.7,591.73,96609.003
2025-04-20,591.74,595.23,587.5,592.77,115343.598
2025-04-21,592.77,608.52,592.53,597.34,171926.422
2025-04-22,597.32,619.9,595.0,618.51,285468.164
2025-04-23,618.5,619.99,601.38,605.71,314125.448
2025-04-24,605.72,606.78,592.59,601.55,204214.28
2025-04-25,601.56,610.35,597.2,599.91,257426.554
2025-04-26,599.9,609.25,599.34,607.23,137533.142
2025-04-27,607.23,608.68,597.0,603.46,121784.476
2025-04-28,603.46,608.27,598.2,606.16,143778.008
2025-04-29,606.16,610.75,598.1,601.0,236809.997
2025-04-30,601.0,604.44,591.42,599.88,210580.664
2025-05-01,599.88,605.28,598.14,599.63,156229.229
2025-05-02,599.64,603.61,595.12,600.69,141344.865
2025-05-03,600.69,601.2,595.23,599.36,100770.294
2025-05-04,599.36,600.49,584.7,586.03,143960.835
2025-05-05,586.02,599.98,583.55,597.61,201100.589
2025-05-06,597.61,603.18,593.23,602.57,214613.107
2025-05-07,602.57,609.07,597.89,602.7,194088.591
2025-05-08,602.7,629.33,600.8,629.17,384267.525
2025-05-09,629.17,671.15,623.12,666.29,480734.869
2025-05-10,666.29,678.95,648.83,663.9,444595.43
2025-05-11,663.9,668.49,647.83,651.15,319998.959
2025-05-12,651.15,693.0,647.31,660.07,586386.945
2025-05-13,660.08,672.0,640.66,664.13,416309.75
2025-05-14,664.12,667.33,647.15,652.47,290029.994
2025-05-15,652.47,661.0,642.29,651.88,313560.813
2025-05-16,651.88,659.97,644.0,646.76,200793.607
2025-05-17,646.76,646.9,635.05,639.51,141777.711
2025-05-18,639.5,655.19,634.39,651.53,189475.296
2025-05-19,651.54,653.53,633.51,649.62,210901.52
2025-05-20,649.62,653.75,640.14,650.0,169584.291
2025-05-21,650.0,678.0,648.49,673.31,470531.895
2025-05-22,673.31,690.02,673.0,686.57,390007.996
2025-05-23,686.57,691.35,652.19,656.98,343668.707
2025-05-24,656.99,677.47,655.4,668.01,165142.039
2025-05-25,668.0,671.67,657.1,669.44,169208.322
2025-05-26,669.45,678.33,668.22,674.29,180148.252
2025-05-27,674.3,697.73,666.56,686.91,326163.491
2025-05-28,686.9,689.22,680.04,686.89,211875.743
2025-05-29,686.89,691.24,673.33,675.02,260985.136
2025-05-30,675.02,678.5,653.22,655.36,218723.509
2025-05-31,655.36,661.42,645.04,658.01,158379.39
2025-06-01,658.01,662.48,647.58,660.77,131807.448
2025-06-02,660.77,667.0,650.05,665.93,143785.605
2025-06-03,665.93,673.43,657.11,661.59,158377.459
2025-06-04,661.6,671.76,660.84,663.23,124473.802
2025-06-05,663.24,670.92,625.44,633.32,271543.149
2025-06-06,633.33,651.51,629.38,642.7,169535.957
2025-06-07,642.71,653.81,639.69,650.82,90666.37
2025-06-08,650.82,656.39,646.49,652.0,72300.314
2025-06-09,652.0,667.74,648.01,665.58,127272.158
2025-06-10,665.58,674.0,657.26,673.51,176645.056
2025-06-11,673.51,674.8,662.2,667.43,177934.085
2025-06-12,667.42,669.93,651.91,654.75,152793.975
2025-06-13,654.76,659.42,639.01,655.35,223303.917
2025-06-14,655.35,655.36,639.0,645.61,93690.143
2025-06-15,645.61,652.0,642.77,648.19,79324.646
2025-06-16,648.19,659.46,646.26,650.74,124203.787
2025-06-17,650.74,659.0,640.11,648.08,182982.263
2025-06-18,648.09,654.31,637.35,644.77,143725.674
2025-06-19,644.77,646.5,638.66,644.65,80404.985
2025-06-20,644.65,651.02,638.0,641.61,143279.622
2025-06-21,641.61,644.84,621.94,628.97,143508.116
2025-06-22,628.98,635.51,601.25,615.81,243515.033
2025-06-23,615.81,642.79,615.05,640.49,219674.329
2025-06-24,640.5,644.09,636.17,643.53,131607.231
2025-06-25,643.53,652.64,641.85,646.07,169433.154
2025-06-26,646.06,650.0,641.12,642.3,103057.286
2025-06-27,642.3,648.44,639.16,645.71,81302.955
2025-06-28,645.72,649.18,644.25,648.6,57714.965
2025-06-29,648.61,656.0,646.72,654.9,73235.796
2025-06-30,654.9,660.0,651.17,656.9,110702.196
2025-07-01,656.9,659.1,644.0,646.33,85803.055
2025-07-02,646.34,664.85,643.71,659.71,112807.955
2025-07-03,659.7,664.57,656.7,663.59,99001.436
2025-07-04,663.58,664.17,650.21,653.6,89027.412
2025-07-05,653.6,656.75,652.0,656.16,51648.289
2025-07-06,656.17,664.99,653.54,663.13,82399.119
2025-07-07,663.13,663.5,656.77,661.06,83232.984
2025-07-08,661.06,662.6,657.36,660.63,86374.042
2025-07-09,660.63,671.5,659.05,668.68,123551.595
2025-07-10,668.69,687.7,667.25,685.8,214967.536
2025-07-11,685.8,697.24,682.83,689.99,268353.904
2025-07-12,689.98,697.0,679.63,685.86,134785.185
2025-07-13,685.86,694.12,685.12,692.0,84925.723
2025-07-14,692.01,707.54,686.05,689.12,253634.996
2025-07-15,689.13,693.21,675.3,689.92,188962.491
2025-07-16,689.93,715.56,685.2,708.61,238334.938
2025-07-17,708.61,727.85,706.14,720.65,409572.675
2025-07-18,720.64,765.56,718.73,729.92,556430.085
2025-07-19,729.92,742.5,718.76,733.2,188095.81
2025-07-20,733.2,761.29,731.5,756.82,253255.203
2025-07-21,756.82,781.99,746.06,766.22,338419.952
2025-07-22,766.22,788.35,745.0,786.68,359074.056
2025-07-23,786.69,809.84,752.47,776.74,709087.1566
2025-07-24,776.74,786.16,742.62,770.74,363436.737
2025-07-25,770.74,786.0,752.22,785.45,284068.121
2025-07-26,785.44,798.0,778.28,793.29,128764.391
2025-07-27,793.3,847.12,791.04,844.0,397296.2555
2025-07-28,844.0,861.1,820.64,824.07,517734.6912
2025-07-29,824.07,835.06,800.12,805.1,427366.132
2025-07-30,805.11,811.64,766.21,793.51,369598.736
2025-07-31,793.51,814.8,781.38,783.14,335026.145
2025-08-01,783.13,795.4,744.69,757.08,393831.558
2025-08-02,757.08,770.11,732.36,736.42,209282.992
2025-08-03,736.43,755.53,730.01,751.21,142700.965
2025-08-04,751.21,770.0,750.47,768.63,171505.406
2025-08-05,768.62,769.79,745.11,755.13,179458.96
2025-08-06,755.13,774.84,746.26,769.55,163684.71
2025-08-07,769.55,788.68,764.17,788.67,188106.802
2025-08-08,788.67,798.5,780.74,793.5,195309.718
2025-08-09,793.5,819.44,792.81,798.83,202384.753
2025-08-10,798.83,815.5,793.68,807.22,162735.303
2025-08-11,807.22,827.59,792.0,805.09,316220.572
2025-08-12,805.09,839.9,797.73,832.47,268762.259
2025-08-13,832.48,858.89,828.23,848.01,395861.313
2025-08-14,848.02,869.4,820.6,840.42,592656.9793
2025-08-15,840.42,853.53,812.57,827.81,252091.108
2025-08-16,827.8,839.79,825.06,838.71,114512.1
2025-08-17,838.71,864.0,838.04,855.38,164953.856
2025-08-18,855.38,858.51,825.0,846.99,233741.603
2025-08-19,847.0,851.95,823.0,824.11,211802.026
2025-08-20,824.1,881.02,818.57,869.05,392159.8615
2025-08-21,869.05,883.86,833.46,839.49,277889.676
2025-08-22,839.49,900.71,839.23,900.21,430842.5317
2025-08-23,900.2,900.21,875.55,880.42,209279.872
2025-08-24,880.42,886.66,859.34,876.51,289492.317
2025-08-25,876.51,880.75,832.76,839.32,320570.155
2025-08-26,839.32,868.0,829.59,863.7,194882.089
2025-08-27,863.7,867.1,852.9,855.18,135243.457
2025-08-28,855.18,881.36,850.85,873.47,232414.922
2025-08-29,873.48,878.0,850.19,862.3,180524.219
2025-08-30,862.3,864.0,851.61,862.0,101039.981
2025-08-31,862.0,867.7,857.0,857.65,94241.193
2025-09-01,857.66,869.15,840.0,845.68,254185.715
2025-09-02,845.68,856.68,840.71,851.8,164333.169
2025-09-03,851.8,864.06,848.91,854.76,116453.022
2025-09-04,854.76,856.72,841.1,843.63,108195.902
2025-09-05,843.62,857.73,842.22,850.14,120856.951
2025-09-06,850.14,865.0,849.55,860.85,144234.054
2025-09-07,860.86,884.05,860.55,880.05,136538.058
2025-09-08,880.05,885.85,870.01,878.08,177574.781
2025-09-09,878.08,884.83,871.38,880.01,150610.03
2025-09-10,880.0,907.38,877.04,893.77,306830.178
2025-09-11,893.77,904.53,888.38,902.77,179913.182
2025-09-12,902.77,929.9,901.41,924.8,240267.9372
2025-09-13,924.81,943.86,922.11,933.68,251751.2324
2025-09-14,933.68,944.95,921.91,926.51,159814.975
2025-09-15,926.51,935.72,910.64,919.68,175249.087
2025-09-16,919.68,959.0,916.66,955.65,284918.8385
2025-09-17,955.65,995.44,946.1,989.98,362193.1958
2025-09-18,989.97,1006.88,979.48,981.04,402672.5617
2025-09-19,981.05,1002.99,973.9,984.1,333582.761
2025-09-20,984.1,1048.0,982.9,1043.77,380966.0766
2025-09-21,1043.77,1083.47,1039.2,1047.8,464411.2823
2025-09-22,1047.8,1050.55,976.89,992.9,588730.396
2025-09-23,992.9,1027.37,962.38,1015.98,420071.07
2025-09-24,1015.98,1034.5,991.46,1018.49,363049.882
2025-09-25,1018.49,1019.9,939.55,945.9,635121.254
2025-09-26,945.9,966.23,932.01,960.8,384757.514
2025-09-27,960.81,985.79,955.56,968.45,245246.415
2025-09-28,968.46,993.65,962.68,993.01,188486.48
2025-09-29,993.01,1036.0,991.12,1029.79,291982.5
2025-09-30,1029.79,1034.01,992.93,1008.51,258830.971
2025-10-01,1008.51,1036.2,1003.35,1026.5,269007.811
2025-10-02,1026.5,1099.22,1022.01,1090.22,380679.445
2025-10-03,1090.22,1192.42,1083.84,1189.4,744996.7206
2025-10-04,1189.4,1190.47,1134.93,1150.75,337438.509
2025-10-05,1150.75,1189.0,1143.14,1167.38,306730.178
2025-10-06,1167.38,1239.94,1161.85,1223.19,587477.5601
2025-10-07,1223.17,1349.99,1204.61,1304.43,1351678.4887
2025-10-08,1304.43,1334.19,1264.32,1307.4,826555.123
2025-10-09,1307.4,1320.0,1224.38,1255.35,925627.604
2025-10-10,1255.35,1278.52,860.11,1102.47,1505025.673
2025-10-11,1102.57,1182.76,1073.0,1135.07,1050905.245
2025-10-12,1135.07,1319.8,1107.43,1302.65,1205248.016
2025-10-13,1302.65,1375.11,1251.28,1294.55,1483076.9719
2025-10-14,1294.54,1318.26,1143.01,1208.52,1398659.782
2025-10-15,1208.55,1222.76,1148.92,1162.57,707327.747
2025-10-16,1162.57,1195.0,1122.31,1144.83,716826.497
2025-10-17,1144.83,1156.3,1021.0,1071.15,1066221.771
2025-10-18,1071.15,1131.05,1069.41,1092.43,419996.517
2025-10-19,1092.42,1133.76,1068.04,1109.88,409987.572
2025-10-20,1109.88,1143.2,1088.19,1100.19,481311.055
2025-10-21,1100.2,1114.53,1052.46,1057.16,541524.501
2025-10-22,1057.16,1083.8,1053.25,1071.82,397249.062
2025-10-23,1071.83,1161.9,1071.83,1126.72,774946.718
2025-10-24,1126.71,1144.17,1097.39,1109.01,342712.642
2025-10-25,1109.0,1120.89,1100.96,1116.53,162716.583
2025-10-26,1116.53,1143.35,1114.48,1138.19,240939.545
2025-10-27,1138.19,1182.6,1131.44,1138.88,494467.695
2025-10-28,1138.88,1148.94,1074.0,1103.45,351579.17
2025-10-29,1103.45,1121.35,1082.59,1107.7,459713.496
2025-10-30,1107.7,1129.55,1043.48,1079.05,508291.657
2025-10-31,1079.06,1104.93,1071.43,1088.9,537669.646
2025-11-01,1088.9,1096.93,1081.8,1094.53,163493.548
2025-11-02,1094.54,1094.92,1071.74,1083.25,132402.548
2025-11-03,1083.25,1087.24,960.18,993.54,685198.885
2025-11-04,993.54,1002.12,880.8,936.77,985275.518
2025-11-05,936.79,969.27,900.39,959.33,526144.027
2025-11-06,959.32,965.23,925.07,950.4,312622.425
2025-11-07,950.4,995.6,925.7,991.15,452713.504
2025-11-08,991.14,1007.41,980.05,991.03,301705.689
2025-11-09,991.01,1007.16,975.84,996.63,256660.748
2025-11-10,996.63,1019.56,976.22,991.98,281128.796
2025-11-11,991.99,1008.6,956.08,958.08,283951.869
2025-11-12,958.08,978.61,937.9,952.86,216987.116
2025-11-13,952.87,972.2,905.72,927.15,334345.078
2025-11-14,927.15,934.04,887.88,915.25,438193.008
2025-11-15,915.26,941.49,914.91,939.21,131726.705
