timestamp,open,high,low,close,volume,quote_volume,trades
2025-01-01,3337.78,3374.85,3313.88,3360.38,190238.5861,636613395.695965,1182219
2025-01-02,3360.39,3509.99,3354.5,3455.67,338632.8874,1166286232.162882,2373075
2025-01-03,3455.68,3630.0,3423.44,3609.01,334041.0604,1179953901.101814,2293811
2025-01-04,3609.0,3671.6,3572.42,3656.88,229266.3133,829864804.859837,1567855
2025-01-05,3656.88,3675.25,3593.7,3635.99,155444.1741,564147572.800669,1461192
2025-01-06,3636.0,3744.83,3610.63,3687.45,329642.3648,1210642823.302069,2753873
2025-01-07,3687.44,3700.86,3356.31,3381.31,541543.2874,1899318756.158016,3538701
2025-01-08,3381.31,3415.1,3208.2,3327.29,584749.9627,1944382187.656659,3766197
2025-01-09,3327.29,3357.27,3158.0,3219.2,501818.4247,1638958679.714368,3685889
2025-01-10,3219.2,3322.49,3193.97,3267.04,454142.1333,1482940591.671988,3199118
2025-01-11,3267.05,3320.18,3217.56,3282.83,151679.7487,494933295.358262,1208777
2025-01-12,3282.83,3300.0,3224.49,3267.3,164879.9709,538751712.045787,1151908
2025-01-13,3267.3,3339.0,2920.0,3137.51,845907.5669,2614824635.154439,4900248
2025-01-14,3137.51,3256.67,3125.65,3225.63,374308.4517,1197715520.899026,2446285
2025-01-15,3225.63,3473.75,3186.36,3451.52,464188.034,1537407357.366771,2689488
2025-01-16,3451.51,3460.79,3265.44,3308.05,471282.6787,1573512574.074851,2667507
2025-01-17,3308.04,3525.72,3307.5,3473.63,518550.1813,1773013467.309093,3165882
2025-01-18,3473.64,3494.39,3227.0,3307.71,634197.1281,2100633661.764419,3931387
2025-01-19,3307.71,3448.99,3130.48,3215.12,1342301.5217,4408659681.01233,7064813
2025-01-20,3215.2,3453.69,3142.78,3284.0,1158354.7814,3830020315.131607,7137551
2025-01-21,3283.99,3368.0,3204.6,3327.54,548706.0513,1802317579.667659,3752957
2025-01-22,3327.55,3365.99,3222.85,3242.6,349240.7498,1150648371.196559,2187671
2025-01-23,3242.61,3347.97,3185.0,3338.21,605592.7225,1965307923.080547,3255920
2025-01-24,3338.22,3428.0,3275.9,3310.09,451524.2752,1519379297.690963,2793569
2025-01-25,3310.1,3350.68,3268.66,3318.77,208559.0415,690383485.125444,1456638
2025-01-26,3318.76,3362.0,3230.0,3232.61,272165.469,899291017.613374,1416325
2025-01-27,3232.61,3253.91,3020.01,3182.44,753004.7529,2349770569.706611,4888504
2025-01-28,3182.44,3223.01,3040.03,3077.72,350959.7173,1107001736.175005,2936974
2025-01-29,3077.72,3182.52,3054.06,3113.9,409737.2576,1278256645.74957,3277369
2025-01-30,3113.9,3283.43,3091.06,3247.39,350639.4823,1130886606.539682,2410789
2025-01-31,3247.38,3437.31,3213.8,3300.99,648681.6561,2158479814.331743,3802893
2025-02-01,3300.99,3331.98,3101.7,3117.54,354065.2525,1142845926.865901,2900696
2025-02-02,3117.54,3163.2,2750.71,2869.68,1050805.93,3131430738.391756,5974563
2025-02-03,2869.68,2921.0,2125.01,2879.9,2807979.021,7325488963.974643,10550628
2025-02-04,2879.89,2888.5,2632.6,2731.19,1259594.3919,3477670143.18934,4767588
2025-02-05,2731.19,2826.95,2699.13,2788.25,686593.0429,1897054238.490223,3498289
2025-02-06,2788.25,2857.64,2655.28,2686.64,719459.9571,1981674881.322119,3805682
2025-02-07,2686.63,2797.5,2562.51,2622.1,695467.3612,1875060380.334312,3272698
2025-02-08,2622.11,2667.3,2588.8,2632.46,379685.1509,996898803.984915,1865406
2025-02-09,2632.46,2698.9,2520.02,2627.18,387166.7911,1016386052.050485,2319910
2025-02-10,2627.18,2693.79,2559.85,2661.19,398173.2716,1051708232.55688,2736600
2025-02-11,2661.19,2725.04,2558.24,2602.59,484196.1435,1286091770.773805,2776008
2025-02-12,2602.59,2795.45,2546.92,2738.27,646295.8959,1705436939.533127,4190060
2025-02-13,2738.27,2757.28,2612.76,2675.87,443769.2853,1185301387.824423,3213834
2025-02-14,2675.87,2791.78,2664.46,2725.95,419895.7862,1142877818.043903,2645594
2025-02-15,2725.95,2739.0,2662.28,2693.04,202971.4295,548554180.222323,1678502
2025-02-16,2693.04,2727.31,2651.26,2661.41,191231.5314,514482095.174283,1449884
2025-02-17,2661.41,2849.7,2637.71,2744.05,639739.8197,1752388687.805609,3881592
2025-02-18,2744.05,2756.93,2605.44,2671.99,604863.8737,1616153629.018717,3898156
2025-02-19,2672.0,2736.7,2656.03,2715.5,326154.0202,882047186.131933,2376004
2025-02-20,2715.51,2770.59,2707.18,2738.04,336735.2544,921476439.354937,2096063
2025-02-21,2738.04,2845.32,2616.72,2663.0,890440.0604,2429306635.177234,3872201
2025-02-22,2663.0,2798.07,2653.33,2763.22,444989.6669,1214059511.899935,2597168
2025-02-23,2763.23,2857.34,2745.41,2819.69,611002.1222,1711849865.819046,2796506
2025-02-24,2819.7,2839.95,2470.33,2513.52,876876.3707,2334572148.661955,4737903
2025-02-25,2513.52,2533.49,2313.49,2495.7,1322016.8718,3207776114.782463,7076645
2025-02-26,2495.69,2507.5,2253.77,2336.37,863087.2133,2059160287.050773,5495972
2025-02-27,2336.38,2381.6,2230.57,2307.72,637583.9106,1480849324.540646,3906903
2025-02-28,2307.72,2314.18,2076.26,2237.59,1291539.0557,2794546441.726884,5708556
2025-03-01,2237.59,2281.14,2142.73,2217.39,446430.7271,988941461.430361,2511839
2025-03-02,2217.4,2550.58,2172.04,2518.11,1266684.7748,3001215557.603687,4977392
2025-03-03,2518.12,2523.56,2097.91,2149.01,1109565.2003,2529346005.909485,4969357
2025-03-04,2149.02,2221.88,1993.2,2171.51,1257822.3372,2634485208.259771,5856962
2025-03-05,2171.5,2273.51,2155.03,2241.59,687130.7897,1514537132.807393,3480893
2025-03-06,2241.59,2319.99,2176.9,2202.2,596908.3935,1343407922.359188,3304973
2025-03-07,2202.21,2258.47,2101.82,2141.6,782387.2606,1698459492.23933,4452265
2025-03-08,2141.6,2234.93,2105.06,2203.58,328793.0979,714743022.410347,2118806
2025-03-09,2203.57,2212.0,1989.66,2020.41,601671.5882,1249766628.544949,2791079
2025-03-10,2020.43,2152.4,1810.01,1865.1,1248745.3514,2461512870.770777,5261040
2025-03-11,1865.11,1963.2,1754.28,1923.43,1171427.9995,2203451540.611388,4578427
2025-03-12,1923.42,1960.0,1829.72,1908.2,788739.6763,1494384669.01818,3444921
2025-03-13,1908.2,1923.09,1821.81,1864.59,569537.2622,1069629049.44307,2688683
2025-03-14,1864.59,1945.64,1861.31,1911.65,375805.7355,718122712.753679,1728618
2025-03-15,1911.64,1957.19,1903.75,1937.17,209545.8675,404571982.738394,884429
2025-03-16,1937.18,1940.87,1860.38,1887.0,324766.6564,616620264.891675,1466585
2025-03-17,1887.01,1952.4,1879.98,1926.31,334840.4877,641484974.278307,1566024
2025-03-18,1926.3,1936.2,1872.31,1931.54,332896.0155,632109997.551311,1549810
2025-03-19,1931.54,2069.9,1927.58,2056.06,691809.5034,1385193898.481618,2614680
2025-03-20,2056.05,2067.9,1952.17,1983.79,401518.9282,800851703.937569,1885019
2025-03-21,1983.79,1996.73,1937.1,1965.75,262641.659,516587945.858554,1470569
2025-03-22,1965.74,2006.61,1964.34,1980.69,170782.9574,339679365.319319,833146
2025-03-23,1980.68,2020.74,1976.81,2005.99,268707.5233,537810044.752251,973880
2025-03-24,2005.99,2104.11,1977.67,2081.2,477912.8154,985984215.594533,1804046
2025-03-25,2081.2,2097.7,2037.08,2066.15,328765.3292,678919919.780749,1398034
2025-03-26,2066.16,2079.21,1981.6,2009.52,428975.3286,872757205.466645,1468474
2025-03-27,2009.52,2037.38,1987.06,2003.66,360634.8383,726385594.534751,1394730
2025-03-28,2003.67,2015.93,1860.0,1896.9,626167.5832,1197329354.058415,2245087
2025-03-29,1896.9,1913.6,1797.2,1828.08,409769.7555,758545295.871779,1755638
2025-03-30,1828.09,1849.01,1767.69,1807.74,327843.4476,595676639.883548,1523210
2025-03-31,1807.74,1854.22,1776.75,1822.43,497854.9052,904456573.010415,2283021
2025-04-01,1822.43,1927.9,1817.88,1904.98,452989.0974,851190042.273377,2141608
2025-04-02,1904.98,1957.0,1781.53,1795.22,750840.7823,1411539014.562126,3408080
2025-04-03,1795.21,1845.26,1750.0,1817.23,508075.018,912214691.840036,2579520
2025-04-04,1817.23,1835.68,1758.72,1816.87,572734.4702,1030518559.141754,2647730
2025-04-05,1816.88,1827.29,1764.39,1806.01,201716.2696,362822603.997079,861593
2025-04-06,1806.02,1817.0,1537.5,1580.76,979847.0958,1621420911.803542,3251935
2025-04-07,1580.77,1639.0,1411.01,1553.04,2168796.0067,3314200223.327178,5723226
2025-04-08,1553.04,1618.67,1441.3,1473.41,891846.1327,1361139288.977932,3369669
2025-04-09,1473.41,1689.0,1385.05,1669.51,1968530.9138,2995077137.626647,4723847
2025-04-10,1669.51,1669.85,1471.02,1522.25,911855.3934,1425649915.894919,3007121
2025-04-11,1522.24,1591.47,1504.63,1566.85,578484.3183,901210974.608363,2547292
2025-04-12,1566.85,1669.59,1546.06,1644.18,501867.9033,813176435.313973,2177800
2025-04-13,1644.19,1649.75,1562.01,1597.76,580136.6145,931598664.291855,2597350
2025-04-14,1597.76,1691.5,1595.56,1623.77,645930.1419,1062426756.849636,2975844
2025-04-15,1623.78,1661.21,1583.12,1588.78,476178.8915,774210116.710625,2283302
2025-04-16,1588.77,1613.66,1538.07,1577.14,611387.8686,965271509.893183,2645419
2025-04-17,1577.15,1616.96,1563.2,1583.62,449870.3628,716711483.143345,1871114
2025-04-18,1583.63,1600.64,1573.54,1588.6,200409.0359,317931022.839473,889028
2025-04-19,1588.6,1631.81,1585.01,1613.27,223096.3899,358254845.712294,1762563
2025-04-20,1613.26,1619.19,1565.59,1587.36,276052.2306,438377495.975152,1913811
2025-04-21,1587.36,1658.75,1564.07,1579.57,691486.6667,1117358203.868595,4257816
2025-04-22,1579.57,1778.0,1537.26,1756.26,1103036.9586,1833852783.080129,3841594
2025-04-23,1756.25,1834.86,1744.95,1795.07,887545.6316,1590311895.515477,3346263
2025-04-24,1795.08,1802.82,1722.9,1769.65,483465.0385,851507192.04646,2225460
2025-04-25,1769.64,1827.32,1738.6,1784.6,595610.8894,1063192910.339053,2516748
2025-04-26,1784.6,1841.16,1778.94,1820.88,355068.0442,640645562.865216,1907298
2025-04-27,1820.87,1857.47,1781.9,1791.29,340332.6435,616122293.308254,2405764
2025-04-28,1791.29,1827.98,1744.71,1799.88,587269.743,1049690759.152374,2980656
2025-04-29,1799.88,1842.99,1780.47,1797.81,480456.3884,871685371.749142,2590967
2025-04-30,1797.81,1816.8,1731.7,1793.61,473523.9877,843558998.326332,2468998
2025-05-01,1793.62,1873.17,1792.52,1838.11,537198.7291,988206595.824892,2398765
2025-05-02,1838.1,1871.0,1813.0,1842.2,410667.875,755324594.318921,2062923
2025-05-03,1842.2,1848.6,1810.0,1833.52,213751.5979,391267436.332057,1135719
2025-05-04,1833.52,1849.95,1803.0,1808.86,238254.3564,435999576.565349,1443996
2025-05-05,1808.86,1833.55,1781.85,1820.19,342341.0078,619310042.705,1961255
2025-05-06,1820.19,1820.9,1752.0,1817.0,384584.2451,687049952.313885,2333041
2025-05-07,1817.0,1850.0,1787.01,1811.11,456170.0705,831394497.734043,2408512
2025-05-08,1811.11,2226.0,1808.71,2207.39,1473152.686,2976074419.323541,5616063
2025-05-09,2207.39,2490.77,2184.33,2345.04,1667041.0382,3881949928.351723,6885286
2025-05-10,2345.04,2600.0,2317.0,2583.23,979350.1606,2393510879.665205,4862978
2025-05-11,2583.22,2608.13,2435.51,2514.57,831584.3888,2087255708.689512,4340859
2025-05-12,2514.58,2624.0,2406.63,2495.47,1068680.9433,2694150708.642761,5441783
2025-05-13,2495.48,2738.5,2415.3,2679.71,1031355.6465,2653880363.305381,4666012
2025-05-14,2679.71,2725.99,2547.26,2609.74,830047.1122,2183890526.340228,4181188
2025-05-15,2609.75,2647.03,2476.03,2548.69,768954.0332,1963827790.236602,4305508
2025-05-16,2548.7,2649.31,2529.4,2537.12,605953.6919,1568128704.046345,3310498
2025-05-17,2537.13,2538.16,2446.42,2475.08,494333.2782,1227578098.31878,2950197
2025-05-18,2475.09,2587.61,2323.21,2497.78,810103.1851,2001441345.434297,3416878
2025-05-19,2497.78,2547.36,2348.38,2528.14,861747.523,2109843607.573324,4757453
2025-05-20,2528.14,2588.63,2442.4,2524.19,676989.1747,1703522806.130449,3816684
2025-05-21,2524.19,2615.95,2452.2,2550.99,1095890.2902,2780015740.832861,5568312
2025-05-22,2551.0,2692.99,2544.83,2664.82,852555.6669,2246807632.745271,5196535
2025-05-23,2664.83,2734.23,2498.3,2526.5,971442.4532,2537338702.615742,5450420
2025-05-24,2526.49,2575.85,2515.08,2530.4,257544.2344,656038924.220513,2090724
2025-05-25,2530.41,2554.26,2463.0,2551.22,359890.0299,901956598.724874,2556052
2025-05-26,2551.22,2599.0,2525.86,2563.7,362971.1182,929347758.924527,2374458
2025-05-27,2563.7,2712.36,2509.46,2660.81,798430.8862,2101748442.524873,4017588
2025-05-28,2660.81,2689.14,2608.5,2681.6,560095.6833,1480645502.351484,3160462
2025-05-29,2681.61,2788.0,2619.05,2631.39,811567.2545,2189640513.339573,4254669
2025-05-30,2631.39,2649.23,2507.35,2531.34,763045.2564,1976177953.879442,4624552
2025-05-31,2531.35,2550.34,2475.33,2528.06,394537.2521,994330383.170508,2792146
2025-06-01,2528.06,2547.79,2468.56,2539.21,332021.7088,834842712.277541,2210246
2025-06-02,2539.2,2615.0,2475.0,2607.41,468889.9737,1184963591.471666,3239230
2025-06-03,2607.42,2655.38,2575.0,2593.36,454383.0439,1188862077.100825,3098351
2025-06-04,2593.35,2679.88,2583.5,2607.68,502494.8214,1321537606.684948,2754319
2025-06-05,2607.68,2640.86,2391.66,2414.01,808938.0344,2047572739.901186,4181206
2025-06-06,2414.02,2531.36,2381.49,2476.1,578843.4974,1428256037.775954,3246760
2025-06-07,2476.1,2544.36,2457.0,2524.63,264787.6743,662320802.305284,1587509
2025-06-08,2524.64,2548.63,2490.58,2509.83,266474.7139,670516749.059655,1401175
2025-06-09,2509.84,2693.99,2477.73,2680.13,568726.3025,1458505754.33474,2896758
2025-06-10,2680.13,2827.0,2655.61,2816.4,1138405.4775,3115655145.472068,5277581
2025-06-11,2816.41,2879.22,2743.75,2771.61,850210.9324,2388186204.977766,4906906
2025-06-12,2771.6,2784.83,2616.24,2642.65,699593.3757,1905633561.097528,4172997
2025-06-13,2642.66,2645.45,2436.98,2579.19,1202176.2972,3033896895.562154,6026303
2025-06-14,2579.19,2579.43,2488.72,2530.76,331438.9278,838399986.460107,1988958
2025-06-15,2530.77,2559.51,2492.0,2547.61,299701.6624,758742736.767623,1846489
2025-06-16,2547.62,2680.34,2514.85,2544.17,680429.988,1774646762.471706,3434185
2025-06-17,2544.17,2618.6,2453.8,2509.95,715930.4081,1815306987.093816,4017130
2025-06-18,2509.95,2548.42,2465.78,2525.0,504532.1818,1266177014.470926,3243812
2025-06-19,2525.0,2546.91,2485.03,2521.12,252646.059,636251233.010393,1667327
2025-06-20,2521.13,2569.0,2367.36,2406.49,632027.8235,1559837109.182709,3175602
2025-06-21,2406.49,2448.8,2216.0,2295.73,496783.864,1167664698.578644,2825558
2025-06-22,2295.72,2314.48,2111.89,2227.7,840155.8295,1865382440.303028,5203723
2025-06-23,2227.7,2438.68,2188.0,2411.66,744583.8003,1707539521.027113,4477307
2025-06-24,2411.66,2482.04,2376.11,2448.45,516760.6621,1252322606.094842,3133356
2025-06-25,2448.46,2468.69,2389.69,2418.49,414894.7387,1007574107.706431,2776920
2025-06-26,2418.5,2520.92,2394.32,2415.96,463704.0261,1138310757.584065,2978926
2025-06-27,2415.96,2463.54,2382.53,2423.17,381474.766,927024811.54842,2112477
2025-06-28,2423.17,2447.8,2405.81,2435.62,155814.9859,378310903.948948,855656
2025-06-29,2435.62,2525.0,2412.0,2500.09,284291.8057,700329421.976834,1370707
2025-06-30,2500.09,2524.3,2431.0,2485.47,440455.714,1093515997.924797,2333352
2025-07-01,2485.47,2500.8,2386.52,2405.01,351951.0868,858543228.334264,1978858
2025-07-02,2405.01,2619.28,2373.0,2570.41,634967.0337,1599878809.253887,2717139
2025-07-03,2570.41,2635.5,2556.12,2591.25,504943.6592,1308429372.972785,2506227
2025-07-04,2591.26,2603.17,2474.24,2508.04,452593.02,1142275937.968202,1980591
2025-07-05,2508.04,2529.81,2487.95,2516.41,157198.0958,394906375.017766,911950
2025-07-06,2516.42,2605.0,2503.5,2570.35,277593.6319,707971625.070802,1375995
2025-07-07,2570.35,2590.57,2512.0,2542.29,315707.5272,805370144.473485,1985043
2025-07-08,2542.3,2628.21,2523.59,2615.25,370915.7321,957180096.783727,1899797
2025-07-09,2615.25,2795.74,2589.78,2768.74,686119.3772,1844561572.906599,2997546
2025-07-10,2768.74,3000.0,2755.5,2951.29,951896.07,2707997922.265638,4235042
2025-07-11,2951.29,3040.15,2913.75,2958.22,906839.1689,2704484897.471723,4434934
2025-07-12,2958.21,2979.78,2903.85,2943.28,348884.8877,1027324169.831482,1690700
2025-07-13,2943.29,3020.31,2936.49,2972.03,357333.5016,1063507989.977405,1778200
2025-07-14,2972.03,3083.0,2962.81,3013.62,815552.6496,2470137078.017986,3706161
2025-07-15,3013.61,3144.14,2932.46,3137.89,863583.7377,2610352115.953149,4317422
2025-07-16,3137.9,3425.0,3101.0,3371.35,1135950.5831,3699155067.268267,4381562
2025-07-17,3371.35,3523.44,3310.77,3476.87,974065.8264,3331779733.255004,5025581
2025-07-18,3476.88,3673.84,3458.68,3546.92,1163823.3977,4180688128.221824,5566028
2025-07-19,3546.92,3608.3,3506.79,3592.01,381791.9213,1360031951.337076,2217328
2025-07-20,3592.0,3824.56,3579.13,3756.69,852356.5533,3170505338.400095,3794627
2025-07-21,3756.69,3860.0,3701.01,3762.33,812074.0534,3070256408.919716,4156350
2025-07-22,3762.32,3798.65,3616.54,3746.21,870127.3864,3216022611.720179,4455526
2025-07-23,3746.21,3764.2,3527.0,3628.29,800259.4025,2907900644.920295,3761894
2025-07-24,3628.29,3771.0,3502.85,3706.94,749459.495,2743326751.987169,3752613
2025-07-25,3706.95,3747.0,3573.76,3724.96,764606.7261,2799663682.731906,4083119
2025-07-26,3724.97,3793.0,3697.66,3741.1,407259.7024,1525422085.066145,1720495
2025-07-27,3741.11,3879.82,3731.0,3872.1,457352.4605,1744992440.585528,2299384
2025-07-28,3872.11,3941.0,3754.0,3799.0,620994.7463,2387363538.135913,3161770
2025-07-29,3799.0,3886.44,3716.04,3793.79,584210.4393,2218694085.767802,3121489
2025-07-30,3793.79,3834.03,3677.65,3810.0,525424.9003,1984744001.488409,3128399
2025-07-31,3810.0,3878.67,3684.33,3698.39,516088.4503,1961880275.402547,2754480
2025-08-01,3698.39,3724.02,3431.75,3488.2,783869.1517,2826423714.237822,5288678
2025-08-02,3488.21,3537.69,3368.29,3393.94,494195.7094,1709705648.162931,3703627
2025-08-03,3393.94,3521.79,3354.28,3496.74,296347.6758,1026636932.33361,2428479
2025-08-04,3496.75,3736.73,3490.73,3720.99,463349.9861,1677819313.332998,3316870
2025-08-05,3720.99,3722.24,3546.0,3612.0,489070.9589,1772309727.640444,3721006
2025-08-06,3612.01,3698.6,3564.19,3683.31,365309.9205,1326203496.30214,2912356
2025-08-07,3683.31,3927.77,3647.63,3910.31,631678.9872,2402252971.431741,3495451
2025-08-08,3910.3,4071.0,3880.0,4009.5,723300.0109,2868715363.889369,4175115
2025-08-09,4009.51,4326.2,4006.63,4260.62,691932.1048,2897074775.140159,3932997
2025-08-10,4260.63,4332.6,4153.07,4250.57,494843.8105,2091948332.589114,3319102
2025-08-11,4250.58,4366.46,4166.77,4223.22,722664.04,3089081112.554874,5162548
2025-08-12,4223.22,4639.7,4219.04,4590.52,885288.0652,3918279210.053929,5104868
2025-08-13,4590.52,4783.85,4564.33,4749.3,925931.4988,4334944436.910635,5293034
2025-08-14,4749.31,4788.0,4451.33,4546.84,1265449.0453,5853669749.165808,6488264
2025-08-15,4546.84,4672.67,4368.0,4439.47,880409.2591,3978902618.058779,5091385
2025-08-16,4439.47,4490.42,4372.54,4421.99,358676.5884,1587545552.644884,2446573
2025-08-17,4422.0,4576.0,4393.98,4472.33,442461.3829,1990037593.51367,2844829
2025-08-18,4472.34,4481.88,4225.86,4312.99,823188.1269,3561988639.06488,4938429
2025-08-19,4312.99,4355.0,4067.34,4075.59,831222.7951,3499853674.637695,4828050
2025-08-20,4075.58,4378.0,4060.0,4336.16,728324.8933,3077553918.18234,4768196
2025-08-21,4336.16,4340.26,4204.2,4225.3,433836.3992,1854414176.529447,4202357
2025-08-22,4225.3,4887.59,4207.39,4832.07,1277976.63526,5850514269.296542,6440351
2025-08-23,4832.07,4832.07,4659.7,4778.4,512442.0888,2428561923.417837,3011610
2025-08-24,4778.4,4956.78,4711.0,4780.15,780668.77842,3755014998.446702,4316811
2025-08-25,4780.15,4797.97,4334.13,4376.18,1043917.1659,4769033242.728044,6296796
2025-08-26,4376.17,4633.46,4311.04,4600.63,834750.2767,3739773474.021506,5640502
2025-08-27,4600.63,4663.93,4481.53,4506.71,606669.3611,2784659238.301701,3920404
2025-08-28,4506.71,4633.97,4430.0,4511.21,485243.4027,2202472276.64976,3236156
2025-08-29,4511.2,4516.75,4265.0,4360.18,679063.8777,2969120530.274377,4406428
2025-08-30,4360.18,4415.61,4257.2,4373.7,340319.1826,1483613909.749367,2086140
2025-08-31,4373.7,4498.47,4372.63,4391.83,356586.1861,1588952837.432261,2221987
2025-09-01,4391.83,4491.84,4210.61,4314.5,513830.0395,2244610986.86617,4011776
2025-09-02,4314.5,4416.78,4257.85,4326.5,524605.0512,2275752549.704531,4161006
2025-09-03,4326.49,4490.64,4283.23,4450.46,487091.6861,2146232316.546182,3491341
2025-09-04,4450.46,4482.05,4265.33,4297.55,471795.7096,2061920365.306792,4087637
2025-09-05,4297.56,4490.0,4256.03,4307.45,624169.8754,2722930703.949958,4751518
2025-09-06,4307.46,4329.3,4236.0,4273.14,191166.0686,819243725.2123,1711937
2025-09-07,4273.15,4336.02,4270.81,4306.19,169620.8372,729149678.760542,1450115
2025-09-08,4306.19,4384.06,4279.0,4306.37,372882.4355,1611402674.924859,2889398
2025-09-09,4306.36,4381.87,4276.76,4310.09,405485.7821,1751903233.455334,3068397
2025-09-10,4310.08,4453.57,4285.1,4349.32,506633.9098,2207912091.685508,3221192
2025-09-11,4349.33,4481.09,4338.82,4458.82,441259.6649,1949893256.335128,3446340
2025-09-12,4458.83,4748.4,4450.71,4712.16,510777.5402,2337299050.098691,3859691
2025-09-13,4712.16,4769.36,4605.0,4666.53,394393.6869,1850836179.983483,2711137
2025-09-14,4666.54,4692.36,4576.89,4604.49,278244.3205,1287527692.946413,2561665
2025-09-15,4604.48,4670.28,4466.0,4523.74,412291.9687,1874781946.015099,3889905
2025-09-16,4523.74,4538.25,4424.0,4501.29,293307.1099,1315498731.650004,2967454
2025-09-17,4501.3,4616.77,4412.0,4590.53,476981.4561,2149457762.913816,3859374
2025-09-18,4590.54,4644.47,4553.7,4587.66,290660.377,1336761563.704996,2922079
2025-09-19,4587.66,4620.72,4435.7,4468.59,331611.1482,1495953132.099773,2302227
2025-09-20,4468.59,4508.71,4454.45,4480.42,130781.913,585813348.774924,1094083
2025-09-21,4480.41,4498.16,4443.0,4444.97,149349.8262,668077573.112986,1098813
2025-09-22,4444.98,4455.76,4077.0,4199.08,708243.2348,2991392446.130756,4143966
2025-09-23,4199.09,4229.03,4114.39,4164.26,315227.9057,1318382529.127912,3449275
2025-09-24,4164.25,4206.9,4073.74,4152.81,353665.5671,1472276097.667921,3119658
2025-09-25,4152.81,4161.04,3815.0,3874.36,930327.6951,3702962412.917114,7611345
2025-09-26,3874.35,4068.3,3867.65,4032.24,575711.0859,2275867014.046836,5466636
2025-09-27,4032.24,4039.01,3972.98,4018.38,172693.2638,692281857.207582,1940113
2025-09-28,4018.39,4144.88,3966.0,4142.16,240331.8589,972239151.627579,2500609
2025-09-29,4142.16,4235.86,4082.25,4215.07,380728.6784,1580732256.801187,3612246
2025-09-30,4215.07,4245.0,4092.1,4145.15,391126.6172,1625808124.643462,4118784
2025-10-01,4145.15,4355.46,4123.08,4348.03,507026.3822,2165739972.371045,4138481
2025-10-02,4348.03,4516.74,4332.73,4484.35,526411.1571,2322911121.293646,4441183
2025-10-03,4484.35,4591.59,4428.0,4512.87,485684.0267,2184423024.582545,5149648
2025-10-04,4512.88,4517.93,4440.0,4487.15,199732.7088,895195711.881079,2252261
2025-10-05,4487.16,4618.17,4467.05,4514.32,506587.9614,2305062852.191549,3791095
2025-10-06,4514.32,4735.93,4488.25,4684.01,456200.6528,2107882753.614729,4677655
2025-10-07,4684.02,4755.0,4430.43,4447.7,640685.9319,2946435862.400838,6028668
2025-10-08,4447.7,4558.0,4410.08,4525.72,399904.3287,1791815622.635745,4771608
2025-10-09,4525.72,4531.52,4265.06,4368.09,515978.1829,2257574038.66859,5181361
2025-10-10,4368.09,4393.63,3435.0,3829.72,1493971.0244,5954598988.690315,12594514
2025-10-11,3829.72,3878.3,3643.33,3746.79,789885.6582,2994511140.409299,8794145
2025-10-12,3746.8,4197.7,3694.74,4152.29,811308.152,3213401552.274956,8286691
2025-10-13,4152.29,4292.0,4042.29,4240.85,622813.9247,2590697041.479605,8321249
2025-10-14,4240.86,4263.38,3888.74,4125.02,962996.7658,3894019260.946043,10714712
2025-10-15,4125.01,4217.6,3926.74,3985.61,626081.6966,2543782117.973257,7421801
2025-10-16,3985.61,4086.49,3826.04,3894.51,643804.6163,2552218455.018819,8451902
2025-10-17,3894.5,3950.45,3674.5,3831.57,830127.0885,3147006926.52111,9412569
2025-10-18,3831.58,3927.73,3819.07,3889.21,250710.6121,971616631.642943,3174247
2025-10-19,3889.2,4030.94,3827.04,3982.58,408538.2545,1609546719.154199,4377250
2025-10-20,3982.58,4085.3,3908.73,3979.22,511382.3301,2049366257.294899,5803391
2025-10-21,3979.22,4110.0,3840.24,3873.05,590594.1382,2335723187.677247,7015049
2025-10-22,3873.04,3889.27,3710.0,3805.53,593130.0905,2268706650.109904,6834244
2025-10-23,3805.53,3934.86,3796.54,3856.8,477231.0181,1842438997.006866,4206428
2025-10-24,3856.8,4026.39,3845.86,3934.88,425926.9383,1676037250.100214,4291705
2025-10-25,3934.88,3969.22,3912.4,3953.82,138526.3338,545722019.675975,1476147
2025-10-26,3953.81,4178.78,3919.03,4158.46,344698.0918,1396836816.693465,3249487
2025-10-27,4158.46,4253.72,4095.0,4120.15,487131.2291,2035684992.603607,5081784
2025-10-28,4120.16,4175.55,3931.33,3979.2,472965.8377,1926589295.491682,5061999
2025-10-29,3979.19,4036.66,3840.37,3902.99,486452.3127,1925328091.834018,5571627
2025-10-30,3903.0,3948.74,3680.0,3805.09,531455.9923,2028708564.222212,6906431
2025-10-31,3804.95,3906.09,3796.36,3847.99,478636.2995,1843471240.950858,5000695
2025-11-01,3848.0,3909.39,3831.0,3873.77,152998.1626,592459458.761567,1840903
2025-11-02,3873.78,3918.23,3839.12,3906.58,216083.1542,837354910.688628,2433160
2025-11-03,3906.58,3914.29,3558.82,3603.83,877187.3852,3238285047.509506,7464333
2025-11-04,3603.84,3654.54,3057.0,3287.05,1568004.2379,5314450723.763831,10283812
2025-11-05,3287.05,3480.46,3166.66,3424.29,809591.5132,2699190339.152632,6935719
2025-11-06,3424.29,3456.46,3245.45,3315.14,566363.7003,1896818057.207791,6422367
2025-11-07,3315.14,3473.0,3194.2,3436.05,683417.3854,2269770217.236427,7139239
2025-11-08,3436.04,3488.0,3355.58,3401.51,291532.2881,997076516.09053,3661341
2025-11-09,3401.51,3623.25,3358.66,3583.46,464098.052,1616068059.82672,4471232
2025-11-10,3583.46,3658.98,3507.3,3567.85,595273.0298,2130222587.624694,5374965
2025-11-11,3567.85,3648.27,3405.24,3417.76,660283.2747,2334219569.458803,6239855
2025-11-12,3417.76,3588.19,3371.65,3414.92,553101.9368,1913040553.62282,5915987
2025-11-13,3414.91,3565.84,3154.22,3231.54,951989.1347,3206643011.077227,8109562
2025-11-14,3231.55,3256.71,3070.0,3163.44,789701.9771,2507513208.120206,8091017
